{
    "currentTime": 1633830125,
    "vMetricType": "VM Level",
    "vKernelInfo": "Linux b12c52857b13 5.4.0-88-generic #99-Ubuntu SMP Thu Sep 23 17:29:00 UTC 2021 x86_64 x86_64 x86_64 GNU/Linux",
    "vCpuTime": 1474173.0,
    "vDiskSectorReads": 7585030.0,
    "vDiskSectorWrites": 16455954.0,
    "vNetworkBytesRecvd": 280,
    "vNetworkBytesSent": 0,
    "vPgFault": 67870972,
    "vMajorPageFault": 11803,
    "vCpuTimeUserMode": 1199439.0,
    "vCpuTimeKernelMode": 274734.0,
    "vCpuIdleTime": 21567011.0,
    "vCpuTimeIOWait": 16063.999999999998,
    "vCpuTimeIntSrvc": 0.0,
    "vCpuTimeSoftIntSrvc": 124264.00000000001,
    "vCpuContextSwitches": 11405869200,
    "vCpuNice": 1086.0,
    "vCpuSteal": 0.0,
    "vBootTime": 1633801154.0,
    "vDiskTotal": 250438021120,
    "vDiskUsed": 219450474496,
    "vDiskFree": 18194657280,
    "vDiskSuccessfulReads": 189051,
    "vDiskMergedReads": 91403,
    "vDiskReadTime": 43056,
    "vDiskSuccessfulWrites": 327408,
    "vDiskMergedWrites": 357159,
    "vDiskWriteTime": 465862,
    "vMemoryTotal": 33558671,
    "vMemoryFree": 22899433,
    "vMemoryBuffers": 1087226,
    "vMemoryCached": 6057349,
    "vCpuCache": {
        "L2": 1048576,
        "L1d": 131072,
        "L3": 6291456,
        "L1i": 131072
    },
    "vLoadAvg": 0.74,
    "vId": "unavailable",
    "vCpuType": "Intel(R) Core(TM) i7-6700HQ CPU @ 2.60GHz",
    "vCpuMhz": 2746.7235,
    "cCpuTime": 198528956,
    "cNumProcessors": 8,
    "cPGFault": 8382,
    "cMajorPGFault": 0,
    "cProcessorStats": {
        "cCpu$0TIME": 4546415,
        "cCpu$1TIME": 9360602,
        "cCpu$2TIME": 6734117,
        "cCpu$3TIME": 40434657,
        "cCpu$4TIME": 79218791,
        "cCpu$5TIME": 6038366,
        "cCpu$6TIME": 2006581,
        "cCpu$7TIME": 54188843
    },
    "cCpuTimeUserMode": 1199440,
    "cCpuTimeKernelMode": 274735,
    "cDiskSectorIO": 0,
    "cDiskReadBytes": 348160,
    "cDiskWriteBytes": 0,
    "cNetworkBytesRecvd": 280,
    "cNetworkBytesSent": 0,
    "cMemoryUsed": 12795904,
    "cMemoryMaxUsed": 16371712,
    "cId": "b12c52857b13",
    "cNumProcesses": 1,
    "pMetricType": "Process level",
    "pProcesses": [
        {
            "pId": 1,
            "pCmdline": "/bin/bash ./entrypoint.sh",
            "pName": "entrypoint.sh",
            "pNumThreads": 1,
            "pCpuTimeUserMode": 4.0,
            "pCpuTimeKernelMode": 0.0,
            "pChildrenUserMode": 0.0,
            "pChildrenKernelMode": 0.0,
            "pVoluntaryContextSwitches": 58,
            "pInvoluntaryContextSwitches": 12,
            "pBlockIODelays": 0.0,
            "pVirtualMemoryBytes": 4071424
        },
        {
            "pId": 10,
            "pCmdline": "/bin/bash /profiler.sh profile -t 1 -o /data/sysbench /usr/bin/hisat2 ",
            "pName": "profiler.sh",
            "pNumThreads": 1,
            "pCpuTimeUserMode": 0.0,
            "pCpuTimeKernelMode": 0.0,
            "pChildrenUserMode": 5.0,
            "pChildrenKernelMode": 0.0,
            "pVoluntaryContextSwitches": 6,
            "pInvoluntaryContextSwitches": 2,
            "pBlockIODelays": 0.0,
            "pVirtualMemoryBytes": 4456448
        },
        {
            "pId": 16,
            "pCmdline": "python3 ./rudataall.py -vcp /data/sysbench",
            "pName": "python3",
            "pNumThreads": 1,
            "pCpuTimeUserMode": 7.000000000000001,
            "pCpuTimeKernelMode": 1.0,
            "pChildrenUserMode": 0.0,
            "pChildrenKernelMode": 1.0,
            "pVoluntaryContextSwitches": 15,
            "pInvoluntaryContextSwitches": 3,
            "pBlockIODelays": 0.0,
            "pVirtualMemoryBytes": 20922368
        }
    ],
    "VM_Write_Time": 0.015034,
    "Container_Write_Time": 0.012903,
    "Process_Write_Time": 0.001644
}